{"cameraMode":{"drawMode":0,"name":"Shaded","section":"Shading Mode"},"sceneLighting":false,"audioPlay":false,"sceneViewState":{"m_AlwaysRefresh":false,"showFog":true,"showSkybox":false,"showFlares":true,"showImageEffects":true,"showParticleSystems":true,"showVisualEffectGraphs":true,"m_FxEnabled":true},"in2DMode":false,"pivot":{"x":-8.300000190734864,"y":0.07803875207901001,"z":4.599999904632568},"rotation":{"x":0.6624976396560669,"y":0.008089371025562287,"z":-0.007155285682529211,"w":0.7489885687828064},"size":0.8660253882408142,"orthographic":true}