{"cameraMode":{"drawMode":0,"name":"Shaded","section":"Shading Mode"},"sceneLighting":false,"audioPlay":false,"sceneViewState":{"m_AlwaysRefresh":false,"showFog":true,"showSkybox":false,"showFlares":true,"showImageEffects":true,"showParticleSystems":true,"showVisualEffectGraphs":true,"m_FxEnabled":true},"in2DMode":false,"pivot":{"x":82.83985900878906,"y":-0.02200065739452839,"z":177.9957733154297},"rotation":{"x":0.007138420362025499,"y":0.13042405247688294,"z":-0.0009390680934302509,"w":0.991432785987854},"size":0.8660253882408142,"orthographic":true}