{"cameraMode":{"drawMode":0,"name":"Shaded","section":"Shading Mode"},"sceneLighting":false,"audioPlay":false,"sceneViewState":{"m_AlwaysRefresh":false,"showFog":true,"showSkybox":false,"showFlares":true,"showImageEffects":true,"showParticleSystems":true,"showVisualEffectGraphs":true,"m_FxEnabled":true},"in2DMode":false,"pivot":{"x":-9.970864295959473,"y":0.02500000223517418,"z":5.725388050079346},"rotation":{"x":0.06219252943992615,"y":0.20569556951522828,"z":-0.013100635260343552,"w":0.9765517711639404},"size":0.8660253882408142,"orthographic":true}